{"aAcc": 98.76, "mFscore": 93.13, "mPrecision": 96.71, "mRecall": 90.11, "mIoU": 87.78, "mAcc": 90.11, "data_time": 0.09359560161828995, "time": 0.2358705084770918}