{"lr": 0.0002452499999999997, "data_time": 0.10906856060028076, "loss": 0.6084186494350433, "decode.loss_ce": 0.6084186494350433, "decode.acc_seg": 88.4532470703125, "time": 0.20784997940063477, "iter": 50, "memory": 7969, "step": 50}
{"aAcc": 94.41, "mFscore": 49.94, "mPrecision": 50.45, "mRecall": 50.17, "mIoU": 47.9, "mAcc": 50.17, "data_time": 0.011268842965364456, "time": 0.0517442561686039, "step": 50}
{"lr": 0.0004955000000000002, "data_time": 0.14752941131591796, "loss": 0.19375429600477218, "decode.loss_ce": 0.19375429600477218, "decode.acc_seg": 86.61450958251953, "time": 0.24639697074890138, "iter": 100, "memory": 4356, "step": 100}
{"aAcc": 95.8, "mFscore": 97.86, "mPrecision": 95.8, "mRecall": 50.0, "mIoU": 47.9, "mAcc": 50.0, "data_time": 0.007214172069842999, "time": 0.025990801591139572, "step": 100}
{"lr": 0.0007457500000000005, "data_time": 0.1636404275894165, "loss": 0.18509768173098565, "decode.loss_ce": 0.18509768173098565, "decode.acc_seg": 89.89944458007812, "time": 0.26439311504364016, "iter": 150, "memory": 4356, "step": 150}
{"aAcc": 95.8, "mFscore": 97.86, "mPrecision": 95.8, "mRecall": 50.0, "mIoU": 47.9, "mAcc": 50.0, "data_time": 0.006217406346247747, "time": 0.025323240573589617, "step": 150}
{"lr": 0.0009960000000000008, "data_time": 0.11352353096008301, "loss": 0.1407362177968025, "decode.loss_ce": 0.1407362177968025, "decode.acc_seg": 95.83187866210938, "time": 0.2144176959991455, "iter": 200, "memory": 4356, "step": 200}
{"aAcc": 95.8, "mFscore": 97.86, "mPrecision": 95.8, "mRecall": 50.0, "mIoU": 47.9, "mAcc": 50.0, "data_time": 0.007115646509023813, "time": 0.02610441354604868, "step": 200}
{"lr": 0.0012462500000000015, "data_time": 0.16339538097381592, "loss": 0.13391645923256873, "decode.loss_ce": 0.13391645923256873, "decode.acc_seg": 94.53099822998047, "time": 0.2642470359802246, "iter": 250, "memory": 4356, "step": 250}
{"aAcc": 96.19, "mFscore": 57.74, "mPrecision": 95.89, "mRecall": 54.78, "mIoU": 52.86, "mAcc": 54.78, "data_time": 0.006706835673405574, "time": 0.02515099232013409, "step": 250}
{"lr": 0.001496500000000002, "data_time": 0.14955873489379884, "loss": 0.09597315154969692, "decode.loss_ce": 0.09597315154969692, "decode.acc_seg": 97.71958923339844, "time": 0.24856150150299072, "iter": 300, "memory": 4356, "step": 300}
{"aAcc": 96.95, "mFscore": 74.54, "mPrecision": 88.18, "mRecall": 68.41, "mIoU": 65.41, "mAcc": 68.41, "data_time": 0.006700398371769832, "time": 0.025784793266883262, "step": 300}
{"lr": 0.0017467500000000022, "data_time": 0.16246297359466552, "loss": 0.14482076168060304, "decode.loss_ce": 0.14482076168060304, "decode.acc_seg": 95.61125183105469, "time": 0.26391944885253904, "iter": 350, "memory": 4356, "step": 350}
{"aAcc": 97.13, "mFscore": 76.48, "mPrecision": 89.42, "mRecall": 70.24, "mIoU": 67.24, "mAcc": 70.24, "data_time": 0.006979469152597281, "time": 0.02516927719116211, "step": 350}
{"lr": 0.001997000000000002, "data_time": 0.112557053565979, "loss": 0.11285899020731449, "decode.loss_ce": 0.11285899020731449, "decode.acc_seg": 94.11747741699219, "time": 0.21260426044464112, "iter": 400, "memory": 4356, "step": 400}
{"aAcc": 97.6, "mFscore": 84.5, "mPrecision": 85.92, "mRecall": 83.2, "mIoU": 75.84, "mAcc": 83.2, "data_time": 0.007323107352623572, "time": 0.025764905489408053, "step": 400}
{"lr": 0.002247250000000001, "data_time": 0.11892735958099365, "loss": 0.0851661553606391, "decode.loss_ce": 0.0851661553606391, "decode.acc_seg": 99.33208465576172, "time": 0.21929872035980225, "iter": 450, "memory": 4356, "step": 450}
{"aAcc": 96.99, "mFscore": 72.23, "mPrecision": 95.01, "mRecall": 65.24, "mIoU": 63.42, "mAcc": 65.24, "data_time": 0.006828022003173828, "time": 0.026142043333787186, "step": 450}
{"lr": 0.0024975000000000036, "data_time": 0.12172293663024902, "loss": 0.10401220880448818, "decode.loss_ce": 0.10401220880448818, "decode.acc_seg": 98.39591217041016, "time": 0.22186594009399413, "iter": 500, "memory": 4356, "step": 500}
{"aAcc": 97.75, "mFscore": 85.01, "mPrecision": 87.65, "mRecall": 82.75, "mIoU": 76.48, "mAcc": 82.75, "data_time": 0.007995271682739257, "time": 0.027506578885591947, "step": 500}
{"lr": 0.002747750000000005, "data_time": 0.15762205123901368, "loss": 0.09064327646046877, "decode.loss_ce": 0.09064327646046877, "decode.acc_seg": 97.97200775146484, "time": 0.2565721035003662, "iter": 550, "memory": 4356, "step": 550}
{"aAcc": 97.34, "mFscore": 79.62, "mPrecision": 88.82, "mRecall": 74.16, "mIoU": 70.39, "mAcc": 74.16, "data_time": 0.00825044925396259, "time": 0.027091231712928186, "step": 550}
{"lr": 0.0029980000000000054, "data_time": 0.1130678415298462, "loss": 0.06400285195559263, "decode.loss_ce": 0.06400285195559263, "decode.acc_seg": 97.50213623046875, "time": 0.212026047706604, "iter": 600, "memory": 4356, "step": 600}
{"aAcc": 98.14, "mFscore": 87.35, "mPrecision": 91.27, "mRecall": 84.17, "mIoU": 79.48, "mAcc": 84.17, "data_time": 0.00646203114436223, "time": 0.025253662696251504, "step": 600}
{"lr": 0.0032482500000000046, "data_time": 0.16276299953460693, "loss": 0.07837375104427338, "decode.loss_ce": 0.07837375104427338, "decode.acc_seg": 99.3382797241211, "time": 0.26291837692260744, "iter": 650, "memory": 4356, "step": 650}
{"aAcc": 97.05, "mFscore": 84.33, "mPrecision": 80.07, "mRecall": 90.27, "mIoU": 75.52, "mAcc": 90.27, "data_time": 0.006931308599618765, "time": 0.025733775358933668, "step": 650}
{"lr": 0.0034985000000000055, "data_time": 0.10796289443969727, "loss": 0.07602113597095013, "decode.loss_ce": 0.07602113597095013, "decode.acc_seg": 96.81012725830078, "time": 0.20802462100982666, "iter": 700, "memory": 4356, "step": 700}
{"aAcc": 97.87, "mFscore": 84.77, "mPrecision": 91.12, "mRecall": 80.24, "mIoU": 76.21, "mAcc": 80.24, "data_time": 0.00658723391019381, "time": 0.025559058556189902, "step": 700}
{"lr": 0.003748750000000005, "data_time": 0.16328229904174804, "loss": 0.08454510532319545, "decode.loss_ce": 0.08454510532319545, "decode.acc_seg": 95.1826400756836, "time": 0.264042592048645, "iter": 750, "memory": 4356, "step": 750}
{"aAcc": 98.14, "mFscore": 86.41, "mPrecision": 94.5, "mRecall": 80.96, "mIoU": 78.27, "mAcc": 80.96, "data_time": 0.006713056564331054, "time": 0.025319414872389572, "step": 750}
{"lr": 0.003999000000000007, "data_time": 0.09208073616027831, "loss": 0.07147728353738785, "decode.loss_ce": 0.07147728353738785, "decode.acc_seg": 96.15955352783203, "time": 0.1926591157913208, "iter": 800, "memory": 4356, "step": 800}
{"aAcc": 98.56, "mFscore": 90.49, "mPrecision": 93.2, "mRecall": 88.13, "mIoU": 83.81, "mAcc": 88.13, "data_time": 0.006556085439828726, "time": 0.025446026141826922, "step": 800}
{"lr": 0.004249250000000004, "data_time": 0.09130463600158692, "loss": 0.05492951329797506, "decode.loss_ce": 0.05492951329797506, "decode.acc_seg": 97.78776550292969, "time": 0.1914217710494995, "iter": 850, "memory": 4356, "step": 850}
{"aAcc": 98.41, "mFscore": 90.14, "mPrecision": 90.11, "mRecall": 90.16, "mIoU": 83.29, "mAcc": 90.16, "data_time": 0.006899261474609375, "time": 0.02592911720275879, "step": 850}
{"lr": 0.004499500000000008, "data_time": 0.09693081378936767, "loss": 0.05688004866242409, "decode.loss_ce": 0.05688004866242409, "decode.acc_seg": 97.04670715332031, "time": 0.19716827869415282, "iter": 900, "memory": 4356, "step": 900}
{"aAcc": 98.35, "mFscore": 89.1, "mPrecision": 91.68, "mRecall": 86.84, "mIoU": 81.83, "mAcc": 86.84, "data_time": 0.007135314207810622, "time": 0.02560708339397724, "step": 900}
{"lr": 0.00474975000000001, "data_time": 0.11964576244354248, "loss": 0.044658209197223186, "decode.loss_ce": 0.044658209197223186, "decode.acc_seg": 99.56244659423828, "time": 0.22005279064178468, "iter": 950, "memory": 4356, "step": 950}
{"aAcc": 98.31, "mFscore": 89.67, "mPrecision": 89.04, "mRecall": 90.33, "mIoU": 82.62, "mAcc": 90.33, "data_time": 0.00649558947636531, "time": 0.02539987930884728, "step": 950}
{"lr": 0.005000000000000013, "data_time": 0.08546805381774902,