{"aAcc": 69.68, "mFscore": 45.66, "mPrecision": 50.88, "mRecall": 54.55, "mIoU": 37.1, "mAcc": 54.55, "data_time": 0.01249176636338234, "time": 0.05452001839876175, "step": 20}
{"aAcc": 92.95, "mFscore": 53.65, "mPrecision": 53.88, "mRecall": 53.46, "mIoU": 49.36, "mAcc": 53.46, "data_time": 0.009942223475529597, "time": 0.03220009803771973, "step": 40}
{"lr": 0.0002452499999999997, "data_time": 0.19396557807922363, "loss": 0.6019698083400726, "decode.loss_ce": 0.6019698083400726, "decode.acc_seg": 94.87667846679688, "time": 0.29926650524139403, "iter": 50, "memory": 4358, "step": 50}
{"aAcc": 95.8, "mFscore": 48.96, "mPrecision": 54.15, "mRecall": 50.01, "mIoU": 47.91, "mAcc": 50.01, "data_time": 0.007805461149949294, "time": 0.029343348283034105, "step": 60}
{"aAcc": 95.8, "mFscore": 97.86, "mPrecision": 95.8, "mRecall": 50.0, "mIoU": 47.9, "mAcc": 50.0, "data_time": 0.007939434051513672, "time": 0.026746482115525466, "step": 80}
{"lr": 0.0004955000000000002, "data_time": 0.12773077487945556, "loss": 0.16030258461833, "decode.loss_ce": 0.16030258461833, "decode.acc_seg": 97.33179473876953, "time": 0.22620084285736083, "iter": 100, "memory": 4358, "step": 100}
{"aAcc": 95.8, "mFscore": 97.86, "mPrecision": 95.8, "mRecall": 50.0, "mIoU": 47.9, "mAcc": 50.0, "data_time": 0.0075330000657301685, "time": 0.026375220372126654, "step": 100}
{"aAcc": 95.8, "mFscore": 97.86, "mPrecision": 95.8, "mRecall": 50.0, "mIoU": 47.9, "mAcc": 50.0, "data_time": 0.008666265927828275, "time": 0.029444342393141528, "step": 120}
{"aAcc": 95.8, "mFscore": 97.86, "mPrecision": 95.8, "mRecall": 50.0, "mIoU": 47.9, "mAcc": 50.0, "data_time": 0.007612547507652869, "time": 0.02689638137817383, "step": 140}
{"lr": 0.0007457500000000005, "data_time": 0.025305628776550293, "loss": 0.1554079219698906, "decode.loss_ce": 0.1554079219698906, "decode.acc_seg": 95.24075317382812, "time": 0.13071730136871337, "iter": 150, "memory": 4358, "step": 150}
{"aAcc": 95.8, "mFscore": 97.86, "mPrecision": 95.8, "mRecall": 50.0, "mIoU": 47.9, "mAcc": 50.0, "data_time": 0.007483566724337064, "time": 0.029407310485839843, "step": 160}
{"aAcc": 95.8, "mFscore": 97.86, "mPrecision": 95.8, "mRecall": 50.0, "mIoU": 47.9, "mAcc": 50.0, "data_time": 0.006701968266413762, "time": 0.026067172563993015, "step": 180}
{"lr": 0.0009960000000000008, "data_time": 0.11580781936645508, "loss": 0.14832553789019584, "decode.loss_ce": 0.14832553789019584, "decode.acc_seg": 97.72129821777344, "time": 0.21547796726226806, "iter": 200, "memory": 4358, "step": 200}
{"aAcc": 95.8, "mFscore": 97.86, "mPrecision": 95.8, "mRecall": 50.0, "mIoU": 47.9, "mAcc": 50.0, "data_time": 0.008480501174926759, "time": 0.030173481427706206, "step": 200}
{"aAcc": 96.26, "mFscore": 61.69, "mPrecision": 87.38, "mRecall": 57.45, "mIoU": 55.36, "mAcc": 57.45, "data_time": 0.007685158802912786, "time": 0.02918583062978891, "step": 220}
{"aAcc": 95.84, "mFscore": 50.12, "mPrecision": 89.43, "mRecall": 50.59, "mIoU": 48.52, "mAcc": 50.59, "data_time": 0.009374893628633939, "time": 0.03257235380319449, "step": 240}
{"lr": 0.0012462500000000015, "data_time": 0.022723793983459473, "loss": 0.1640199400484562, "decode.loss_ce": 0.1640199400484562, "decode.acc_seg": 97.54093170166016, "time": 0.12881221771240234, "iter": 250, "memory": 4358, "step": 250}
{"aAcc": 95.8, "mFscore": 48.94, "mPrecision": 97.9, "mRecall": 50.0, "mIoU": 47.91, "mAcc": 50.0, "data_time": 0.007097842143132136, "time": 0.026737308502197264, "step": 260}
{"aAcc": 89.12, "mFscore": 59.38, "mPrecision": 57.33, "mRecall": 66.78, "mIoU": 51.48, "mAcc": 66.78, "data_time": 0.007291848842914288, "time": 0.02668765141413762, "step": 280}
{"lr": 0.001496500000000002, "data_time": 0.10937361717224121, "loss": 0.12665947824716567, "decode.loss_ce": 0.12665947824716567, "decode.acc_seg": 98.2496337890625, "time": 0.20856862068176268, "iter": 300, "memory": 4358, "step": 300}
{"aAcc": 96.74, "mFscore": 71.21, "mPrecision": 87.71, "mRecall": 65.15, "mIoU": 62.49, "mAcc": 65.15, "data_time": 0.007615133432241587, "time": 0.026619155590350812, "step": 300}
{"aAcc": 96.41, "mFscore": 62.8, "mPrecision": 93.45, "mRecall": 58.05, "mIoU": 56.14, "mAcc": 58.05, "data_time": 0.006760641244741587, "time": 0.02581131641681378, "step": 320}
{"aAcc": 96.31, "mFscore": 60.69, "mPrecision": 93.94, "mRecall": 56.63, "mIoU": 54.73, "mAcc": 56.63, "data_time": 0.006622116382305439, "time": 0.025766757818368766, "step": 340}
{"lr": 0.0017467500000000022, "data_time": 0.018604493141174315, "loss": 0.1285260036587715, "decode.loss_ce": 0.1285260036587715, "decode.acc_seg": 96.17748260498047, "time": 0.11723105907440186, "iter": 350, "memory": 4358, "step": 350}
{"aAcc": 96.79, "mFscore": 70.01, "mPrecision": 92.32, "mRecall": 63.58, "mIoU": 61.53, "mAcc": 63.58, "data_time": 0.00681297962482159, "time": 0.025620669585007888, "step": 360}
{"aAcc": 96.82, "mFscore": 69.98, "mPrecision": 93.77, "mRecall": 63.43, "mIoU": 61.52, "mAcc": 63.43, "data_time": 0.006726873837984525, "time": 0.025790882110595704, "step": 380}
{"lr": 0.001997000000000002, "data_time": 0.10918285846710205, "loss": 0.1079542651772499, "decode.loss_ce": 0.1079542651772499, "decode.acc_seg": 95.49662780761719, "time": 0.20898783206939697, "iter": 400, "memory": 4358, "step": 400}
{"aAcc": 96.38, "mFscore": 61.43, "mPrecision": 97.18, "mRecall": 57.06, "mIoU": 55.23, "mAcc": 57.06, "data_time": 0.0066531694852388825, "time": 0.02616088573749249, "step": 400}
{"aAcc": 97.72, "mFscore": 85.13, "mPrecision": 86.97, "mRecall": 83.48, "mIoU": 76.62, "mAcc": 83.48, "data_time": 0.0065539800203763526, "time": 0.026209020614624025, "step": 420}
{"aAcc": 97.19, "mFscore": 77.63, "mPrecision": 88.86, "mRecall": 71.7, "mIoU": 68.36, "mAcc": 71.7, "data_time": 0.007757359284621019, "time": 0.02781386008629432, "step": 440}
{"lr": 0.002247250000000001, "data_time": 0.014479851722717286, "loss": 0.12259695678949356, "decode.loss_ce": 0.12259695678949356, "decode.acc_seg": 97.06473541259766, "time": 0.11372184753417969, "iter": 450, "memory": 4358, "step": 450}
{"aAcc": 97.53, "mFscore": 80.76, "mPrecision": 91.66, "mRecall": 74.63, "mIoU": 71.62, "mAcc": 74.63, "data_time": 0.006670419986431415, "time": 0.02606623356158917, "step": 460}
{"aAcc": 97.08, "mFscore": 82.83, "mPrecision": 81.14, "mRecall": 84.74, "mIoU": 73.79, "mAcc": 84.74, "data_time": 0.00699161749619704, "time": 0.0259278810941256, "step": 480}
{"lr": 0.0024975000000000036, "data_time": 0.11690268516540528, "loss": 0.08972298484295607, "decode.loss_ce": 0.08972298484295607, "decode.acc_seg": 95.62142181396484, "time": 0.2204190492630005, "iter": 500, "memory": 4358, "step": 500}
{"aAcc": 97.0, "mFscore": 72.64, "mPrecision": 94.41, "mRecall": 65.65, "mIoU": 63.76, "mAcc": 65.65, "data_time": 0.007703333634596604, "time": 0.027786075151883638, "step": 500}
{"aAcc": 97.64, "mFscore": 82.88, "mPrecision": 89.53, "mRecall": 78.28, "mIoU": 73.97, "mAcc": 78.28, "data_time": 0.007145999028132512, "time": 0.026166571103609527, "step": 520}
{"aAcc": 96.86, "mFscore": 81.71, "mPrecision": 79.85, "mRecall": 83.84, "mIoU": 72.49, "mAcc": 83.84, "data_time": 0.006897944670457106, "time": 0.02576753176175631, "step": 540}
{"lr": 0.002747750000000005, "data_time": 0.016547894477844237, "loss": 0.09218150041997433, "decode.loss_ce": 0.09218150041997433, "decode.acc_seg": 93.23759460449219, "time": 0.11491098403930664, "iter": 550, "memory": 4358, "step": 550}
{"aAcc": 97.48, "mFscore": 80.13, "mPrecision": 91.74, "mRecall": 73.83, "mIoU": 70.95, "mAcc": 73.83, "data_time": 0.007998099693885216, "time": 0.030564641952514647, "step": 560}
{"aAcc": 97.02, "mFscore": 81.83, "mPrecision": 81.28, "mRecall": 82.4, "mIoU": 72.66, "mAcc": 82.4, "data_time": 0.006093069223257212, "time": 0.025751693432147685, "step": 580}
{"lr": 0.0029980000000000054, "data_time": 0.12038331031799317, "loss": 0.10648105069994926, "decode.loss_ce": 0.10648105069994926, "decode.acc_seg": 92.9479751586914,