{"lr": 0.0002452499999999997, "data_time": 0.13310754299163818, "loss": 0.6029718697071076, "decode.loss_ce": 0.6029718697071076, "decode.acc_seg": 91.91789245605469, "time": 0.2323392152786255, "iter": 50, "memory": 7969, "step": 50}
{"aAcc": 95.23, "mFscore": 50.89, "mPrecision": 54.66, "mRecall": 50.9, "mIoU": 48.69, "mAcc": 50.9, "data_time": 0.012994654476642609, "time": 0.05287725478410721, "step": 50}
{"lr": 0.0004955000000000002, "data_time": 0.10804507732391358, "loss": 0.1646128252148628, "decode.loss_ce": 0.1646128252148628, "decode.acc_seg": 95.11265563964844, "time": 0.20769064426422118, "iter": 100, "memory": 4356, "step": 100}
{"aAcc": 95.8, "mFscore": 97.86, "mPrecision": 95.8, "mRecall": 50.0, "mIoU": 47.9, "mAcc": 50.0, "data_time": 0.00787507570706881, "time": 0.02645409290607159, "step": 100}
{"lr": 0.0007457500000000005, "data_time": 0.1664799213409424, "loss": 0.1572973608970642, "decode.loss_ce": 0.1572973608970642, "decode.acc_seg": 94.8780746459961, "time": 0.2660390377044678, "iter": 150, "memory": 4356, "step": 150}
{"aAcc": 95.8, "mFscore": 97.86, "mPrecision": 95.8, "mRecall": 50.0, "mIoU": 47.9, "mAcc": 50.0, "data_time": 0.006954013384305514, "time": 0.025472651995145357, "step": 150}
{"lr": 0.0009960000000000008, "data_time": 0.09494681358337402, "loss": 0.15858078747987747, "decode.loss_ce": 0.15858078747987747, "decode.acc_seg": 89.21379852294922, "time": 0.19323039054870605, "iter": 200, "memory": 4356, "step": 200}
{"aAcc": 95.8, "mFscore": 97.86, "mPrecision": 95.8, "mRecall": 50.0, "mIoU": 47.9, "mAcc": 50.0, "data_time": 0.007488518494826096, "time": 0.025969916123610277, "step": 200}
{"lr": 0.0012462500000000015, "data_time": 0.15998640060424804, "loss": 0.14383498281240464, "decode.loss_ce": 0.14383498281240464, "decode.acc_seg": 98.06184387207031, "time": 0.25881733894348147, "iter": 250, "memory": 4356, "step": 250}
{"aAcc": 95.88, "mFscore": 53.23, "mPrecision": 79.59, "mRecall": 52.24, "mIoU": 50.18, "mAcc": 52.24, "data_time": 0.007472977271446815, "time": 0.02613216913663424, "step": 250}
{"lr": 0.001496500000000002, "data_time": 0.08339719772338867, "loss": 0.13113471642136573, "decode.loss_ce": 0.13113471642136573, "decode.acc_seg": 96.87354278564453, "time": 0.18221683502197267, "iter": 300, "memory": 4356, "step": 300}
{"aAcc": 97.13, "mFscore": 76.84, "mPrecision": 88.71, "mRecall": 70.82, "mIoU": 67.58, "mAcc": 70.82, "data_time": 0.007048397797804612, "time": 0.025473279219407303, "step": 300}
{"lr": 0.0017467500000000022, "data_time": 0.1143869400024414, "loss": 0.12703610882163047, "decode.loss_ce": 0.12703610882163047, "decode.acc_seg": 93.7459487915039, "time": 0.2141089916229248, "iter": 350, "memory": 4356, "step": 350}
{"aAcc": 96.24, "mFscore": 74.61, "mPrecision": 76.99, "mRecall": 72.66, "mIoU": 65.28, "mAcc": 72.66, "data_time": 0.007276058197021484, "time": 0.02607420774606558, "step": 350}
{"lr": 0.001997000000000002, "data_time": 0.10161552429199219, "loss": 0.09879928193986416, "decode.loss_ce": 0.09879928193986416, "decode.acc_seg": 96.00936126708984, "time": 0.20121290683746337, "iter": 400, "memory": 4356, "step": 400}
{"aAcc": 97.33, "mFscore": 79.47, "mPrecision": 88.94, "mRecall": 73.92, "mIoU": 70.23, "mAcc": 73.92, "data_time": 0.007235376651470477, "time": 0.02560252409714919, "step": 400}
{"lr": 0.002247250000000001, "data_time": 0.12916650772094726, "loss": 0.13477394990622998, "decode.loss_ce": 0.13477394990622998, "decode.acc_seg": 97.7293472290039, "time": 0.2279388427734375, "iter": 450, "memory": 4356, "step": 450}
{"aAcc": 97.76, "mFscore": 85.55, "mPrecision": 87.02, "mRecall": 84.21, "mIoU": 77.14, "mAcc": 84.21, "data_time": 0.007087857906634991, "time": 0.025750083189744217, "step": 450}
{"lr": 0.0024975000000000036, "data_time": 0.08325321674346924, "loss": 0.09249649681150914, "decode.loss_ce": 0.09249649681150914, "decode.acc_seg": 98.18282318115234, "time": 0.1813816547393799, "iter": 500, "memory": 4356, "step": 500}
{"aAcc": 97.26, "mFscore": 76.95, "mPrecision": 92.43, "mRecall": 70.1, "mIoU": 67.72, "mAcc": 70.1, "data_time": 0.007373743790846605, "time": 0.026052471307607798, "step": 500}
{"lr": 0.002747750000000005, "data_time": 0.11891889572143555, "loss": 0.09637502878904343, "decode.loss_ce": 0.09637502878904343, "decode.acc_seg": 95.51453399658203, "time": 0.218725848197937, "iter": 550, "memory": 4356, "step": 550}
{"aAcc": 97.86, "mFscore": 86.67, "mPrecision": 86.71, "mRecall": 86.64, "mIoU": 78.55, "mAcc": 86.64, "data_time": 0.0074798217186561, "time": 0.026067781448364257, "step": 550}
{"lr": 0.0029980000000000054, "data_time": 0.11572744846343994, "loss": 0.08456214144825935, "decode.loss_ce": 0.08456214144825935, "decode.acc_seg": 91.38121032714844, "time": 0.21621236801147461, "iter": 600, "memory": 4356, "step": 600}
{"aAcc": 97.8, "mFscore": 82.69, "mPrecision": 94.93, "mRecall": 75.95, "mIoU": 73.79, "mAcc": 75.95, "data_time": 0.006911879319411058, "time": 0.02546087778531588, "step": 600}
{"lr": 0.0032482500000000046, "data_time": 0.11228268146514893, "loss": 0.06212845481932163, "decode.loss_ce": 0.06212845481932163, "decode.acc_seg": 98.01931762695312, "time": 0.21075901985168458, "iter": 650, "memory": 4356, "step": 650}
{"aAcc": 98.22, "mFscore": 88.14, "mPrecision": 91.15, "mRecall": 85.57, "mIoU": 80.51, "mAcc": 85.57, "data_time": 0.0065594636476956885, "time": 0.02525019278893104, "step": 650}
{"lr": 0.0034985000000000055, "data_time": 0.09956707954406738, "loss": 0.09040074795484543, "decode.loss_ce": 0.09040074795484543, "decode.acc_seg": 96.73201751708984, "time": 0.19913785457611083, "iter": 700, "memory": 4356, "step": 700}
{"aAcc": 97.56, "mFscore": 86.66, "mPrecision": 82.78, "mRecall": 91.76, "mIoU": 78.48, "mAcc": 91.76, "data_time": 0.008734530668992263, "time": 0.0275632198040302, "step": 700}
{"lr": 0.003748750000000005, "data_time": 0.1284435510635376, "loss": 0.0737068459391594, "decode.loss_ce": 0.0737068459391594, "decode.acc_seg": 98.74029541015625, "time": 0.22752671241760253, "iter": 750, "memory": 4356, "step": 750}
{"aAcc": 97.84, "mFscore": 83.41, "mPrecision": 94.19, "mRecall": 77.09, "mIoU": 74.61, "mAcc": 77.09, "data_time": 0.007282326771662785, "time": 0.026156117365910458, "step": 750}
{"lr": 0.003999000000000007, "data_time": 0.10184273719787598, "loss": 0.06373902298510074, "decode.loss_ce": 0.06373902298510074, "decode.acc_seg": 98.55686950683594, "time": 0.20238420963287354, "iter": 800, "memory": 4356, "step": 800}
{"aAcc": 97.89, "mFscore": 84.92, "mPrecision": 91.09, "mRecall": 80.48, "mIoU": 76.4, "mAcc": 80.48, "data_time": 0.007351915652935322, "time": 0.025728955635657677, "step": 800}
{"lr": 0.004249250000000004, "data_time": 0.1665799617767334, "loss": 0.09554278831928968, "decode.loss_ce": 0.09554278831928968, "decode.acc_seg": 97.17340087890625, "time": 0.26623055934906004, "iter": 850, "memory": 4356, "step": 850}
{"aAcc": 96.76, "mFscore": 84.03, "mPrecision": 78.44, "mRecall": 93.03, "mIoU": 75.1, "mAcc": 93.03, "data_time": 0.0070691768939678485, "time": 0.025830397239098184, "step": 850}
{"lr": 0.004499500000000008, "data_time": 0.13259925842285156, "loss": 0.06685504615306855, "decode.loss_ce": 0.06685504615306855, "decode.acc_seg": 97.31869506835938, "time": 0.23462190628051757, "iter": 900, "memory": 4356, "step": 900}
{"aAcc": 98.34, "mFscore": 89.89, "mPrecision": 89.19, "mRecall": 90.62, "mIoU": 82.93, "mAcc": 90.62, "data_time": 0.007911898539616512, "time": 0.028943278239323543, "step": 900}
{"lr": 0.00474975000000001, "data_time": 0.12622342109680176, "loss": 0.08004789669066667, "decode.loss_ce": 0.08004789669066667, "decode.acc_seg": 97.97151947021484, "time": 0.22527904510498048, "iter": 950, "memory": 4356, "step": 950}
{"aAcc": 98.29, "mFscore": 89.19, "mPrecision": 89.93, "mRecall": 88.49, "mIoU": 81.95, "mAcc": 88.49, "data_time": 0.0073658392979548525, "time": 0.026114152028010443, "step": 950}
{"lr": 0.005000000000000013, "data_time": 0.16465132236480712,