{"aAcc": 98.76, "mFscore": 93.13, "mPrecision": 96.71, "mRecall": 90.11, "mIoU": 87.78, "mAcc": 90.11, "data_time": 0.006922760978341103, "time": 0.15411919727921486}